key,item_id,rarity,name,category,image_num,color,brand,type,like,outfit_id,series_name,term_start,term_end
sl4_01,SL4-01,PR,ラビットハートミントトップス,トップス,70463,緑,ブランドなし,ラブリー,850,ラビットハートミント,ミラクル☆キラッツセレクションチャンネル,2018-10-18,2018-11-16
sl4_02,SL4-02,PR,ラビットハートミントスカート,ボトムス,70464,緑,ブランドなし,ラブリー,800,ラビットハートミント,ミラクル☆キラッツセレクションチャンネル,2018-10-18,2018-11-16
sl4_03,SL4-03,PR,ラビットハートミントシューズ,シューズ,70465,緑,ブランドなし,ラブリー,750,ラビットハートミント,ミラクル☆キラッツセレクションチャンネル,2018-10-18,2018-11-16
sl4_04,SL4-04,PR,ラビットハートミントヘアアクセ,ヘアアクセ,70466,ピンク,ブランドなし,ラブリー,750,ラビットハートミント,ミラクル☆キラッツセレクションチャンネル,2018-10-18,2018-11-16
sl4_05,SL4-05,PR,ムーンライトパープルトップス,トップス,70467,紫,ブランドなし,クール,750,ムーンライトパープル,ミラクル☆キラッツセレクションチャンネル,2018-10-18,2018-11-16
sl4_06,SL4-06,PR,ムーンライトパープルパンツ,ボトムス,70468,紫,ブランドなし,クール,850,ムーンライトパープル,ミラクル☆キラッツセレクションチャンネル,2018-10-18,2018-11-16
sl4_07,SL4-07,PR,ムーンライトパープルシューズ,シューズ,70469,黒,ブランドなし,クール,800,ムーンライトパープル,ミラクル☆キラッツセレクションチャンネル,2018-10-18,2018-11-16
sl4_08,SL4-08,PR,ムーンライトパープルヘアアクセ,ヘアアクセ,70470,紫,ブランドなし,クール,750,ムーンライトパープル,ミラクル☆キラッツセレクションチャンネル,2018-10-18,2018-11-16
sl4_09,SL4-09,SR,あおぞらマーチトップス,トップス,70471,水色,ブランドなし,ポップ,650,あおぞらマーチ,ミラクル☆キラッツセレクションチャンネル,2018-10-18,2018-11-16
sl4_10,SL4-10,SR,あおぞらマーチスカート,ボトムス,70472,水色,ブランドなし,ポップ,700,あおぞらマーチ,ミラクル☆キラッツセレクションチャンネル,2018-10-18,2018-11-16
sl4_11,SL4-11,SR,あおぞらマーチシューズ,シューズ,70473,水色,ブランドなし,ポップ,600,あおぞらマーチ,ミラクル☆キラッツセレクションチャンネル,2018-10-18,2018-11-16
sl4_12,SL4-12,SR,あおぞらマーチヘアアクセ,ヘアアクセ,70474,水色,ブランドなし,ポップ,600,あおぞらマーチ,ミラクル☆キラッツセレクションチャンネル,2018-10-18,2018-11-16
sl4_13,SL4-13,SR,バニーマジシャンロイヤルワンピ,ワンピース,70475,赤,ブランドなし,クール,1200,バニーマジシャンロイヤル,ミラクル☆キラッツセレクションチャンネル,2018-10-18,2018-11-16
sl4_14,SL4-14,SR,バニーマジシャンロイヤルシューズ,シューズ,70476,赤,ブランドなし,クール,600,バニーマジシャンロイヤル,ミラクル☆キラッツセレクションチャンネル,2018-10-18,2018-11-16
sl4_15,SL4-15,SR,ホワイトバニーヘアアクセ,ヘアアクセ,70477,白,ブランドなし,クール,600,バニーマジシャンロイヤル,ミラクル☆キラッツセレクションチャンネル,2018-10-18,2018-11-16
sl4_16,SL4-16,R,アイシングクッキーメルヘンワンピ,ワンピース,70478,茶,ブランドなし,ラブリー,900,アイシングクッキーメルヘン,ミラクル☆キラッツセレクションチャンネル,2018-10-18,2018-11-16
sl4_17,SL4-17,R,アイシングクッキーメルヘンシューズ,シューズ,70479,ピンク,ブランドなし,ラブリー,450,アイシングクッキーメルヘン,ミラクル☆キラッツセレクションチャンネル,2018-10-18,2018-11-16
sl4_18,SL4-18,R,アイシングクッキーヘアアクセ,ヘアアクセ,70480,ピンク,ブランドなし,ラブリー,450,アイシングクッキーメルヘン,ミラクル☆キラッツセレクションチャンネル,2018-10-18,2018-11-16
sl4_19,SL4-19,R,プリパラナースほほえみのトップス,トップス,70481,緑,ブランドなし,ラブリー,550,プリパラナースほほえみの,ミラクル☆キラッツセレクションチャンネル,2018-10-18,2018-11-16
sl4_20,SL4-20,R,プリパラナースほほえみのスカート,ボトムス,70482,緑,ブランドなし,ラブリー,500,プリパラナースほほえみの,ミラクル☆キラッツセレクションチャンネル,2018-10-18,2018-11-16
sl4_21,SL4-21,R,プリパラナースほほえみのシューズ,シューズ,70483,緑,ブランドなし,ラブリー,450,プリパラナースほほえみの,ミラクル☆キラッツセレクションチャンネル,2018-10-18,2018-11-16
sl4_22,SL4-22,R,プリパラナースほほえみのヘアアクセ,ヘアアクセ,70484,白,ブランドなし,ラブリー,450,プリパラナースほほえみの,ミラクル☆キラッツセレクションチャンネル,2018-10-18,2018-11-16
sl4_23,SL4-23,R,チアガールシャイントップス,トップス,70496,オレンジ,ブランドなし,ポップ,500,チアガールシャイン,ミラクル☆キラッツセレクションチャンネル,2018-10-18,2018-11-16
sl4_24,SL4-24,R,チアガールシャインスカート,ボトムス,70497,オレンジ,ブランドなし,ポップ,550,チアガールシャイン,ミラクル☆キラッツセレクションチャンネル,2018-10-18,2018-11-16
sl4_25,SL4-25,R,チアガールシャインシューズ,シューズ,70498,オレンジ,ブランドなし,ポップ,450,チアガールシャイン,ミラクル☆キラッツセレクションチャンネル,2018-10-18,2018-11-16
sl4_26,SL4-26,R,チアガールシャインヘアアクセ,ヘアアクセ,70499,オレンジ,ブランドなし,ポップ,450,チアガールシャイン,ミラクル☆キラッツセレクションチャンネル,2018-10-18,2018-11-16
sl4_27,SL4-27,R,せいしゅんスクールれもんいろトップス,トップス,70488,黄,ブランドなし,ポップ,550,せいしゅんスクールれもんいろ,ミラクル☆キラッツセレクションチャンネル,2018-10-18,2018-11-16
sl4_28,SL4-28,R,せいしゅんスクールれもんいろスカート,ボトムス,70489,黄,ブランドなし,ポップ,450,せいしゅんスクールれもんいろ,ミラクル☆キラッツセレクションチャンネル,2018-10-18,2018-11-16
sl4_29,SL4-29,R,せいしゅんスクールれもんいろシューズ,シューズ,70490,黄,ブランドなし,ポップ,500,せいしゅんスクールれもんいろ,ミラクル☆キラッツセレクションチャンネル,2018-10-18,2018-11-16
sl4_30,SL4-30,R,せいしゅんスクールれもんいろヘアアクセ,ヘアアクセ,70491,黄,ブランドなし,ポップ,450,せいしゅんスクールれもんいろ,ミラクル☆キラッツセレクションチャンネル,2018-10-18,2018-11-16
sl4_31,SL4-31,R,プリパラポリスレッツイゴートップス,トップス,70492,紫,ブランドなし,クール,550,プリパラポリスレッツイゴー,ミラクル☆キラッツセレクションチャンネル,2018-10-18,2018-11-16
sl4_32,SL4-32,R,プリパラポリスレッツイゴーパンツ,ボトムス,70493,紫,ブランドなし,クール,500,プリパラポリスレッツイゴー,ミラクル☆キラッツセレクションチャンネル,2018-10-18,2018-11-16
sl4_33,SL4-33,R,プリパラポリスレッツイゴーシューズ,シューズ,70494,紫,ブランドなし,クール,450,プリパラポリスレッツイゴー,ミラクル☆キラッツセレクションチャンネル,2018-10-18,2018-11-16
sl4_34,SL4-34,R,プリパラポリスレッツイゴーヘアアクセ,ヘアアクセ,70495,紫,ブランドなし,クール,450,プリパラポリスレッツイゴー,ミラクル☆キラッツセレクションチャンネル,2018-10-18,2018-11-16
sl5_01,SL5-01,PR,はなのプリパリルージュトップス,トップス,70615,赤,ブランドなし,クール,850,はなのプリパリルージュ,メルティックスターセレクションチャンネル,2018-12-20,2019-01-16
sl5_02,SL5-02,PR,はなのプリパリルージュパンツ,ボトムス,70616,赤,ブランドなし,クール,800,はなのプリパリルージュ,メルティックスターセレクションチャンネル,2018-12-20,2019-01-16
sl5_03,SL5-03,PR,はなのプリパリルージュシューズ,シューズ,70617,赤,ブランドなし,クール,750,はなのプリパリルージュ,メルティックスターセレクションチャンネル,2018-12-20,2019-01-16
sl5_04,SL5-04,PR,はなのプリパリルージュヘアアクセ,ヘアアクセ,70618,赤,ブランドなし,クール,750,はなのプリパリルージュ,メルティックスターセレクションチャンネル,2018-12-20,2019-01-16
sl5_05,SL5-05,PR,キューティーキャッツピンクトップス,トップス,70626,ピンク,ブランドなし,クール,750,キューティーキャッツピンク,メルティックスターセレクションチャンネル,2018-12-20,2019-01-16
sl5_06,SL5-06,PR,キューティーキャッツピンクパンツ,ボトムス,70627,ピンク,ブランドなし,クール,850,キューティーキャッツピンク,メルティックスターセレクションチャンネル,2018-12-20,2019-01-16
sl5_07,SL5-07,PR,キューティーキャッツピンクシューズ,シューズ,70628,黒,ブランドなし,クール,800,キューティーキャッツピンク,メルティックスターセレクションチャンネル,2018-12-20,2019-01-16
sl5_08,SL5-08,PR,キューティーキャッツピンクヘアアクセ,ヘアアクセ,70629,ピンク,ブランドなし,クール,750,キューティーキャッツピンク,メルティックスターセレクションチャンネル,2018-12-20,2019-01-16
sl5_09,SL5-09,SR,ぶとうかいシネマワンピ,ワンピース,70619,赤,ブランドなし,クール,1200,ぶとうかいシネマ,メルティックスターセレクションチャンネル,2018-12-20,2019-01-16
sl5_10,SL5-10,SR,ぶとうかいシネマシューズ,シューズ,70620,赤,ブランドなし,クール,600,ぶとうかいシネマ,メルティックスターセレクションチャンネル,2018-12-20,2019-01-16
sl5_11,SL5-11,SR,ぶとうかいシネマヘアアクセ,ヘアアクセ,70621,赤,ブランドなし,クール,600,ぶとうかいシネマ,メルティックスターセレクションチャンネル,2018-12-20,2019-01-16
sl5_12,SL5-12,SR,ロックスタイルレディトップスS,トップス,70622,緑,ブランドなし,クール,700,ロックスタイルレディS,メルティックスターセレクションチャンネル,2018-12-20,2019-01-16
sl5_13,SL5-13,SR,ロックスタイルレディパンツS,ボトムス,70623,緑,ブランドなし,クール,650,ロックスタイルレディS,メルティックスターセレクションチャンネル,2018-12-20,2019-01-16
sl5_14,SL5-14,SR,ロックスタイルレディブーツS,シューズ,70624,緑,ブランドなし,クール,600,ロックスタイルレディS,メルティックスターセレクションチャンネル,2018-12-20,2019-01-16
sl5_15,SL5-15,SR,ロックスタイルヘアアクセS,ヘアアクセ,70625,緑,ブランドなし,クール,600,ロックスタイルレディS,メルティックスターセレクションチャンネル,2018-12-20,2019-01-16
sl5_16,SL5-16,SR,ゴージャスパールドレス,ワンピース,70630,ピンク,ブランドなし,ラブリー,1200,ゴージャスパール,メルティックスターセレクションチャンネル,2018-12-20,2019-01-16
sl5_17,SL5-17,SR,ゴージャスパールシューズ,シューズ,70631,白,ブランドなし,ラブリー,600,ゴージャスパール,メルティックスターセレクションチャンネル,2018-12-20,2019-01-16
sl5_18,SL5-18,SR,ゴージャスパールヘアアクセ,ヘアアクセ,70632,ピンク,ブランドなし,ラブリー,600,ゴージャスパール,メルティックスターセレクションチャンネル,2018-12-20,2019-01-16
sl5_19,SL5-19,R,チャイナロックワンピ,ワンピース,70633,赤,ブランドなし,クール,900,チャイナロック,メルティックスターセレクションチャンネル,2018-12-20,2019-01-16
sl5_20,SL5-20,R,チャイナロックブーツ,シューズ,70634,赤,ブランドなし,クール,450,チャイナロック,メルティックスターセレクションチャンネル,2018-12-20,2019-01-16
sl5_21,SL5-21,R,チャイナロックヘアアクセ,ヘアアクセ,70635,白,ブランドなし,クール,450,チャイナロック,メルティックスターセレクションチャンネル,2018-12-20,2019-01-16
sl5_22,SL5-22,R,ブリティッシュロックレッドグリーントップス,トップス,70636,緑,ブランドなし,クール,450,ブリティッシュロックレッドグリーン,メルティックスターセレクションチャンネル,2018-12-20,2019-01-16
sl5_23,SL5-23,R,ブリティッシュロックレッドグリーンスカート,ボトムス,70637,赤,ブランドなし,クール,550,ブリティッシュロックレッドグリーン,メルティックスターセレクションチャンネル,2018-12-20,2019-01-16
sl5_24,SL5-24,R,ブリティッシュロックレッドグリーンシューズ,シューズ,70638,緑,ブランドなし,クール,500,ブリティッシュロックレッドグリーン,メルティックスターセレクションチャンネル,2018-12-20,2019-01-16
sl5_25,SL5-25,R,ブリティッシュロックレッドグリーンヘアアクセ,ヘアアクセ,70639,赤,ブランドなし,クール,450,ブリティッシュロックレッドグリーン,メルティックスターセレクションチャンネル,2018-12-20,2019-01-16
sl5_26,SL5-26,R,ひょうがらデニムトップス,トップス,70640,茶,ブランドなし,ラブリー,550,ひょうがらデニム,メルティックスターセレクションチャンネル,2018-12-20,2019-01-16
sl5_27,SL5-27,R,ひょうがらデニムスカート,ボトムス,70641,茶,ブランドなし,ラブリー,500,ひょうがらデニム,メルティックスターセレクションチャンネル,2018-12-20,2019-01-16
sl5_28,SL5-28,R,ひょうがらデニムシューズ,シューズ,70642,黒,ブランドなし,ラブリー,450,ひょうがらデニム,メルティックスターセレクションチャンネル,2018-12-20,2019-01-16
sl5_29,SL5-29,R,ひょうがらデニムヘアアクセ,ヘアアクセ,70643,茶,ブランドなし,ラブリー,450,ひょうがらデニム,メルティックスターセレクションチャンネル,2018-12-20,2019-01-16
sl5_30,SL5-30,R,メリーゴーランドフラワートップス,トップス,70644,ピンク,ブランドなし,ラブリー,500,メリーゴーランドフラワー,メルティックスターセレクションチャンネル,2018-12-20,2019-01-16
sl5_31,SL5-31,R,メリーゴーランドフラワースカート,ボトムス,70645,ピンク,ブランドなし,ラブリー,450,メリーゴーランドフラワー,メルティックスターセレクションチャンネル,2018-12-20,2019-01-16
sl5_32,SL5-32,R,メリーゴーランドフラワーシューズ,シューズ,70646,ピンク,ブランドなし,ラブリー,550,メリーゴーランドフラワー,メルティックスターセレクションチャンネル,2018-12-20,2019-01-16
sl5_33,SL5-33,R,メリーゴーランドフラワーヘアアクセ,ヘアアクセ,70647,黄,ブランドなし,ラブリー,450,メリーゴーランドフラワー,メルティックスターセレクションチャンネル,2018-12-20,2019-01-16
sl5_34,SL5-34,SR,スーパーサイリウムファルルラベンダーワンピ,ワンピース,70648,白,ブランドなし,ラブリー,1200,スーパーサイリウムファルルラベンダー,福袋,2018-12-27,2019-01-08
sl5_35,SL5-35,SR,スーパーサイリウムファルルラベンダーシューズ,シューズ,70649,白,ブランドなし,ラブリー,600,スーパーサイリウムファルルラベンダー,福袋,2018-12-27,2019-01-08
sl5_36,SL5-36,SR,スーパーサイリウムファルルラベンダーヘアアクセ,ヘアアクセ,70650,紫,ブランドなし,ラブリー,600,スーパーサイリウムファルルラベンダー,福袋,2018-12-27,2019-01-08
sl5_37,SL5-37,SR,フラワーメレンゲトップス,トップス,70651,ピンク,ブランドなし,ラブリー,700,フラワーメレンゲ,福袋,2018-12-27,2019-01-08
sl5_38,SL5-38,SR,フラワーメレンゲスカート,ボトムス,70652,ピンク,ブランドなし,ラブリー,650,フラワーメレンゲ,福袋,2018-12-27,2019-01-08
sl5_39,SL5-39,SR,フラワーメレンゲブーツ,シューズ,70653,紫,ブランドなし,ラブリー,600,フラワーメレンゲ,福袋,2018-12-27,2019-01-08
sl5_40,SL5-40,SR,フラワーメレンゲヘアアクセ,ヘアアクセ,70654,ピンク,ブランドなし,ラブリー,600,フラワーメレンゲ,福袋,2018-12-27,2019-01-08
sl5_41,SL5-41,SR,マジカルピエロトップス,トップス,70655,緑,ブランドなし,ポップ,700,マジカルピエロ,福袋,2018-12-27,2019-01-08
sl5_42,SL5-42,SR,マジカルピエロスカート,ボトムス,70656,緑,ブランドなし,ポップ,650,マジカルピエロ,福袋,2018-12-27,2019-01-08
sl5_43,SL5-43,SR,マジカルピエロシューズ,シューズ,70657,水色,ブランドなし,ポップ,600,マジカルピエロ,福袋,2018-12-27,2019-01-08
sl5_44,SL5-44,SR,マジカルピエロヘアアクセ,ヘアアクセ,70658,水色,ブランドなし,ポップ,600,マジカルピエロ,福袋,2018-12-27,2019-01-08
sl5_45,SL5-45,SR,ホワイトスワントップス,トップス,70659,黒,ブランドなし,クール,700,ホワイトスワン,福袋,2018-12-27,2019-01-08
sl5_46,SL5-46,SR,ホワイトスワンパニエ,ボトムス,70660,白,ブランドなし,クール,650,ホワイトスワン,福袋,2018-12-27,2019-01-08
sl5_47,SL5-47,SR,ホワイトスワンシューズ,シューズ,70661,黒,ブランドなし,クール,600,ホワイトスワン,福袋,2018-12-27,2019-01-08
sl5_48,SL5-48,SR,ホワイトスワンヘアアクセ,ヘアアクセ,70662,白,ブランドなし,クール,600,ホワイトスワン,福袋,2018-12-27,2019-01-08
sl5_49,SL5-49,SR,フレッシュマーチングスタージャケット,トップス,70663,白,ブランドなし,ポップ,700,フレッシュマーチングスター,福袋,2018-12-27,2019-01-08
sl5_50,SL5-50,SR,フレッシュマーチングスタースカート,ボトムス,70664,ピンク,ブランドなし,ポップ,650,フレッシュマーチングスター,福袋,2018-12-27,2019-01-08
sl5_51,SL5-51,SR,フレッシュマーチングスターブーツ,シューズ,70665,白,ブランドなし,ポップ,600,フレッシュマーチングスター,福袋,2018-12-27,2019-01-08
sl5_52,SL5-52,SR,フレッシュマーチングスターヘアアクセ,ヘアアクセ,70666,黄,ブランドなし,ポップ,600,フレッシュマーチングスター,福袋,2018-12-27,2019-01-08
sl5_53,SL5-53,SR,ツインギンガムトップス,トップス,70667,青,ブランドなし,ポップ,700,ツインギンガム,福袋,2018-12-27,2019-01-08
sl5_54,SL5-54,SR,ツインギンガムスカート,ボトムス,70668,青,ブランドなし,ポップ,650,ツインギンガム,福袋,2018-12-27,2019-01-08
sl5_55,SL5-55,SR,ツインギンガムシューズ,シューズ,70669,青,ブランドなし,ポップ,600,ツインギンガム,福袋,2018-12-27,2019-01-08
sl5_56,SL5-56,SR,ツインギンガムヘアアクセ,ヘアアクセ,70670,赤,ブランドなし,ポップ,600,ツインギンガム,福袋,2018-12-27,2019-01-08
sl5_57,SL5-57,SR,マリオネットミューサイリウムワンピ,ワンピース,70671,ピンク,ブランドなし,ラブリー,1200,マリオネットミューサイリウム,福袋,2018-12-27,2019-01-08
sl5_58,SL5-58,SR,マリオネットミューサイリウムシューズ,シューズ,70672,白,ブランドなし,ラブリー,600,マリオネットミューサイリウム,福袋,2018-12-27,2019-01-08
sl5_59,SL5-59,SR,マリオネットミューサイリウムヘアアクセ,ヘアアクセ,70673,シルバー,ブランドなし,ラブリー,600,マリオネットミューサイリウム,福袋,2018-12-27,2019-01-08
sl5_60,SL5-60,SR,エンジェリックファンシートップス,トップス,70674,ピンク,ブランドなし,ラブリー,700,エンジェリックファンシー,福袋,2018-12-27,2019-01-08
sl5_61,SL5-61,SR,エンジェリックファンシースカート,ボトムス,70675,ピンク,ブランドなし,ラブリー,650,エンジェリックファンシー,福袋,2018-12-27,2019-01-08
sl5_62,SL5-62,SR,エンジェリックファンシーシューズ,シューズ,70676,ピンク,ブランドなし,ラブリー,600,エンジェリックファンシー,福袋,2018-12-27,2019-01-08
sl5_63,SL5-63,SR,エンジェリックファンシーヘアアクセ,ヘアアクセ,70677,ピンク,ブランドなし,ラブリー,600,エンジェリックファンシー,福袋,2018-12-27,2019-01-08
sl5_64,SL5-64,SR,DressingPafeチームサイリウムワンピS,ワンピース,70678,青,ブランドなし,クール,1200,DressingPafeチームサイリウムS,福袋,2018-12-27,2019-01-08
sl5_65,SL5-65,SR,DressingPafeチームサイリウムシューズS,シューズ,70679,青,ブランドなし,クール,600,DressingPafeチームサイリウムS,福袋,2018-12-27,2019-01-08
sl5_66,SL5-66,SR,DressingPafeチームサイリウムヘアアクセS,ヘアアクセ,70680,青,ブランドなし,クール,600,DressingPafeチームサイリウムS,福袋,2018-12-27,2019-01-08
sl5_67,SL5-67,SR,ウィッシュリボンアイドルブラウスM,トップス,70681,黄,ブランドなし,ポップ,700,ウィッシュリボンアイドルM,福袋,2018-12-27,2019-01-08
sl5_68,SL5-68,SR,ウィッシュリボンアイドルスカートM,パンツ,70682,黄,ブランドなし,ポップ,650,ウィッシュリボンアイドルM,福袋,2018-12-27,2019-01-08
sl5_69,SL5-69,SR,ウィッシュリボンアイドルブーツM,シューズ,70683,黄,ブランドなし,ポップ,600,ウィッシュリボンアイドルM,福袋,2018-12-27,2019-01-08
sl5_70,SL5-70,SR,ウィッシュリボンアイドルヘアアクセM,ヘアアクセ,70684,水色,ブランドなし,ポップ,600,ウィッシュリボンアイドルM,福袋,2018-12-27,2019-01-08
sl5_71,SL5-71,SR,クリスタルローズビジュートップス,トップス,70685,水色,ブランドなし,ラブリー,700,クリスタルローズビジュー,福袋,2018-12-27,2019-01-08
sl5_72,SL5-72,SR,クリスタルローズビジュードレス,ボトムス,70686,水色,ブランドなし,ラブリー,650,クリスタルローズビジュー,福袋,2018-12-27,2019-01-08
sl5_73,SL5-73,SR,クリスタルローズビジューヒール,シューズ,70687,水色,ブランドなし,ラブリー,600,クリスタルローズビジュー,福袋,2018-12-27,2019-01-08
sl5_74,SL5-74,SR,エメラルドアラブトップス,トップス,70688,緑,ブランドなし,プレミアム,700,エメラルドアラブ,福袋,2018-12-27,2019-01-08
sl5_75,SL5-75,SR,エメラルドアラブショーパン,ボトムス,70689,緑,ブランドなし,プレミアム,650,エメラルドアラブ,福袋,2018-12-27,2019-01-08
sl5_76,SL5-76,SR,エメラルドアラブパンプス,シューズ,70690,緑,ブランドなし,プレミアム,600,エメラルドアラブ,福袋,2018-12-27,2019-01-08
sl5_77,SL5-77,SR,ウィッシュリボンアイドルブラウスL,トップス,70691,水色,ブランドなし,ラブリー,700,ウィッシュリボンアイドルL,第5弾らぁらチャンネル,2018-12-06,2019-02-06
sl5_78,SL5-78,SR,ウィッシュリボンアイドルスカートL,ボトムス,70692,水色,ブランドなし,ラブリー,650,ウィッシュリボンアイドルL,第5弾らぁらチャンネル,2018-12-06,2019-02-06
sl5_79,SL5-79,SR,ウィッシュリボンアイドルブーツL,シューズ,70693,水色,ブランドなし,ラブリー,600,ウィッシュリボンアイドルL,第5弾らぁらチャンネル,2018-12-06,2019-02-06
sl5_80,SL5-80,SR,ウィッシュリボンアイドルヘアアクセL,ヘアアクセ,70694,水色,ブランドなし,ラブリー,600,ウィッシュリボンアイドルL,第5弾らぁらチャンネル,2018-12-06,2019-02-06
sl5_81,SL5-81,SR,ドリームTRサイリウムワンピ,ワンピース,70695,白,ブランドなし,ラブリー,1200,ドリームTRサイリウム,第5弾らぁらチャンネル,2018-12-06,2019-02-06
sl5_82,SL5-82,SR,ドリームTRサイリウムシューズ,シューズ,70696,白,ブランドなし,ラブリー,600,ドリームTRサイリウム,第5弾らぁらチャンネル,2018-12-06,2019-02-06
sl5_83,SL5-83,SR,ドリームTRサイリウムヘアアクセ,ヘアアクセ,70697,ピンク,ブランドなし,ラブリー,600,ドリームTRサイリウム,第5弾らぁらチャンネル,2018-12-06,2019-02-06
sl5_98,SL5-98,SR,クマのぬいぐるみ,パシャッとアイテム,70712,ピンク,ブランドなし,ラブリー,600,パシャッとアイテム,第5弾らぁらチャンネル,2018-12-06,2019-02-06
sl5_84,SL5-84,SR,ファンタジータイムサイリウムワンピ,ワンピース,70698,ピンク,ブランドなし,ラブリー,1200,ファンタジータイムサイリウム,第5弾ゆいチャンネル,2018-12-27,2019-02-06
sl5_85,SL5-85,SR,ファンタジータイムサイリウムシューズ,シューズ,70699,ピンク,ブランドなし,ラブリー,600,ファンタジータイムサイリウム,第5弾ゆいチャンネル,2018-12-27,2019-02-06
sl5_86,SL5-86,SR,ファンタジータイムサイリウムヘアアクセ,ヘアアクセ,70700,ピンク,ブランドなし,ラブリー,600,ファンタジータイムサイリウム,第5弾ゆいチャンネル,2018-12-27,2019-02-06
sl5_87,SL5-87,SR,ラビットハートファンシートップス,トップス,70701,ピンク,ブランドなし,ラブリー,700,ラビットハートファンシー,第5弾ゆいチャンネル,2018-12-27,2019-02-06
sl5_88,SL5-88,SR,ラビットハートファンシースカート,ボトムス,70702,ピンク,ブランドなし,ラブリー,650,ラビットハートファンシー,第5弾ゆいチャンネル,2018-12-27,2019-02-06
sl5_89,SL5-89,SR,ラビットハートファンシーシューズ,シューズ,70703,ピンク,ブランドなし,ラブリー,600,ラビットハートファンシー,第5弾ゆいチャンネル,2018-12-27,2019-02-06
sl5_90,SL5-90,SR,ラビットハートファンシーヘアアクセ,ヘアアクセ,70704,水色,ブランドなし,ラブリー,600,ラビットハートファンシー,第5弾ゆいチャンネル,2018-12-27,2019-02-06
sl5_99,SL5-99,SR,プニコンのぬいぐるみ,パシャッとアイテム,70713,ピンク,ブランドなし,ラブリー,600,パシャッとアイテム,第5弾ゆいチャンネル,2018-12-27,2019-02-06
sl5_91,SL5-91,SR,SoLaMi♡SMILEチームサイリウムワンピL,ワンピース,70705,ピンク,ブランドなし,ラブリー,1200,SoLaMi♡SMILEチームサイリウム,第5弾らぁら&ゆいチャンネル,2019-01-17,2019-02-06
sl5_92,SL5-92,SR,SoLaMi♡SMILEチームサイリウムシューズL,シューズ,70706,ピンク,ブランドなし,ラブリー,600,SoLaMi♡SMILEチームサイリウム,第5弾らぁら&ゆいチャンネル,2019-01-17,2019-02-06
sl5_93,SL5-93,SR,SoLaMi♡SMILEチームサイリウムヘアアクセL,ヘアアクセ,70707,ピンク,ブランドなし,ラブリー,600,SoLaMi♡SMILEチームサイリウム,第5弾らぁら&ゆいチャンネル,2019-01-17,2019-02-06
sl5_94,SL5-94,SR,マジカる☆スターピンクトップス,トップス,70708,ピンク,ブランドなし,ラブリー,700,マジカる☆スターピンク,第5弾らぁら&ゆいチャンネル,2019-01-17,2019-02-06
sl5_95,SL5-95,SR,マジカる☆スターピンクスカート,ボトムス,70709,ピンク,ブランドなし,ラブリー,650,マジカる☆スターピンク,第5弾らぁら&ゆいチャンネル,2019-01-17,2019-02-06
sl5_96,SL5-96,SR,マジカる☆スターピンクシューズ,シューズ,70710,ピンク,ブランドなし,ラブリー,600,マジカる☆スターピンク,第5弾らぁら&ゆいチャンネル,2019-01-17,2019-02-06
sl5_97,SL5-97,SR,マジカる☆スターピンクヘアアクセ,ヘアアクセ,70711,白,ブランドなし,ラブリー,600,マジカる☆スターピンク,第5弾らぁら&ゆいチャンネル,2019-01-17,2019-02-06
sl6_01,SL6-01,PR,パラダイスドレス,ワンピース,70839,白,ブランドなし,プレミアム,1610,パラダイス,プリティーリズム・プリパラ復刻「あいらとアンジュ」セレクション,2019-02-21,2019-04-03
sl6_02,SL6-02,PR,パラダイスシューズ,シューズ,70840,白,ブランドなし,プレミアム,750,パラダイス,プリティーリズム・プリパラ復刻「あいらとアンジュ」セレクション,2019-02-21,2019-04-03
sl6_03,SL6-03,PR,パラダイスティアラ,ヘアアクセ,70841,白,ブランドなし,プレミアム,750,パラダイス,プリティーリズム・プリパラ復刻「あいらとアンジュ」セレクション,2019-02-21,2019-04-03
sl6_04,SL6-04,PR,スターリィライトパープルトップス,トップス,70842,紫,ブランドなし,クール,850,スターリィライトパープル,プリティーリズム・プリパラ復刻「あいらとアンジュ」セレクション,2019-02-21,2019-04-03
sl6_05,SL6-05,PR,スターリィライトパープルスカート,ボトムス,70843,紫,ブランドなし,クール,800,スターリィライトパープル,プリティーリズム・プリパラ復刻「あいらとアンジュ」セレクション,2019-02-21,2019-04-03
sl6_06,SL6-06,PR,スターリィライトパープルシューズ,シューズ,70844,紫,ブランドなし,クール,750,スターリィライトパープル,プリティーリズム・プリパラ復刻「あいらとアンジュ」セレクション,2019-02-21,2019-04-03
sl6_07,SL6-07,PR,スターリィライトパープルヘアアクセ,ヘアアクセ,70845,紫,ブランドなし,クール,750,スターリィライトパープル,プリティーリズム・プリパラ復刻「あいらとアンジュ」セレクション,2019-02-21,2019-04-03
sl6_08,SL6-08,SR,ピュアプレミアムウエディング,ワンピース,70846,白,ブランドなし,プレミアム,1200,ピュアプレミアムウエディング,プリティーリズム・プリパラ復刻「あいらとアンジュ」セレクション,2019-02-21,2019-04-03
sl6_09,SL6-09,SR,ピュアプレミアムハイヒール,シューズ,70847,ピンク,ブランドなし,プレミアム,600,ピュアプレミアムウエディング,プリティーリズム・プリパラ復刻「あいらとアンジュ」セレクション,2019-02-21,2019-04-03
sl6_10,SL6-10,SR,クリスタルスノープリンセストップス,トップス,70848,水色,ブランドなし,ラブリー,700,クリスタルスノープリンセス,プリティーリズム・プリパラ復刻「あいらとアンジュ」セレクション,2019-02-21,2019-04-03
sl6_11,SL6-11,SR,クリスタルスノープリンセススカート,ボトムス,70849,水色,ブランドなし,ラブリー,650,クリスタルスノープリンセス,プリティーリズム・プリパラ復刻「あいらとアンジュ」セレクション,2019-02-21,2019-04-03
sl6_12,SL6-12,SR,クリスタルスノープリンセスブーツ,シューズ,70850,水色,ブランドなし,ラブリー,600,クリスタルスノープリンセス,プリティーリズム・プリパラ復刻「あいらとアンジュ」セレクション,2019-02-21,2019-04-03
sl6_13,SL6-13,SR,クリスタルスノーヘアアクセ,ヘアアクセ,70851,水色,ブランドなし,ラブリー,600,クリスタルスノープリンセス,プリティーリズム・プリパラ復刻「あいらとアンジュ」セレクション,2019-02-21,2019-04-03
sl6_14,SL6-14,SR,トライアングルクーレストワンピ,ワンピース,70852,紫,ブランドなし,クール,1200,トライアングルクーレスト,プリティーリズム・プリパラ復刻「あいらとアンジュ」セレクション,2019-02-21,2019-04-03
sl6_15,SL6-15,SR,トライアングルクーレストシューズ,シューズ,70853,紫,ブランドなし,クール,600,トライアングルクーレスト,プリティーリズム・プリパラ復刻「あいらとアンジュ」セレクション,2019-02-21,2019-04-03
sl6_16,SL6-16,SR,トライアングルクーレストヘアアクセ,ヘアアクセ,70854,紫,ブランドなし,クール,600,トライアングルクーレスト,プリティーリズム・プリパラ復刻「あいらとアンジュ」セレクション,2019-02-21,2019-04-03
sl6_17,SL6-17,SR,じゅんぱくのつばさトップス,トップス,70855,白,ブランドなし,ラブリー,650,じゅんぱくのつばさ,プリティーリズム・プリパラ復刻「あいらとアンジュ」セレクション,2019-02-21,2019-04-03
sl6_18,SL6-18,SR,じゅんぱくのつばさスカート,ボトムス,70856,白,ブランドなし,ラブリー,700,じゅんぱくのつばさ,プリティーリズム・プリパラ復刻「あいらとアンジュ」セレクション,2019-02-21,2019-04-03
sl6_19,SL6-19,SR,じゅんぱくのつばさシューズ,シューズ,70857,白,ブランドなし,ラブリー,600,じゅんぱくのつばさ,プリティーリズム・プリパラ復刻「あいらとアンジュ」セレクション,2019-02-21,2019-04-03
sl6_20,SL6-20,SR,じゅんぱくのつばさヘアアクセ,ヘアアクセ,70858,白,ブランドなし,ラブリー,600,じゅんぱくのつばさ,プリティーリズム・プリパラ復刻「あいらとアンジュ」セレクション,2019-02-21,2019-04-03
sl6_21,SL6-21,R,フレッシュピンクベアトップ,トップス,70859,ピンク,ブランドなし,プレミアム,550,フレッシュピンク,プリティーリズム・プリパラ復刻「あいらとアンジュ」セレクション,2019-02-21,2019-04-03
sl6_22,SL6-22,R,フレッシュピンクパニエ,ボトムス,70860,ピンク,ブランドなし,プレミアム,450,フレッシュピンク,プリティーリズム・プリパラ復刻「あいらとアンジュ」セレクション,2019-02-21,2019-04-03
sl6_23,SL6-23,R,フレッシュピンクブーツ,シューズ,70861,白,ブランドなし,プレミアム,500,フレッシュピンク,プリティーリズム・プリパラ復刻「あいらとアンジュ」セレクション,2019-02-21,2019-04-03
sl6_24,SL6-24,R,シャイニーリボンベスト,トップス,70862,ピンク,ブランドなし,プレミアム,550,シャイニーリボン,プリティーリズム・プリパラ復刻「あいらとアンジュ」セレクション,2019-02-21,2019-04-03
sl6_25,SL6-25,R,シャイニーリボンスカート,ボトムス,70863,ピンク,ブランドなし,プレミアム,500,シャイニーリボン,プリティーリズム・プリパラ復刻「あいらとアンジュ」セレクション,2019-02-21,2019-04-03
sl6_26,SL6-26,R,ラインリボンロングブーツ,シューズ,70864,黒,ブランドなし,プレミアム,450,シャイニーリボン,プリティーリズム・プリパラ復刻「あいらとアンジュ」セレクション,2019-02-21,2019-04-03
sl6_27,SL6-27,R,ハピラキヘアアクセ,ヘアアクセ,70865,黒,ブランドなし,プレミアム,450,シャイニーリボン,プリティーリズム・プリパラ復刻「あいらとアンジュ」セレクション,2019-02-21,2019-04-03
sl6_28,SL6-28,R,もぎたてオレンジパーカ,トップス,70866,オレンジ,ブランドなし,ポップ,550,もぎたてオレンジ,プリティーリズム・プリパラ復刻「あいらとアンジュ」セレクション,2019-02-21,2019-04-03
sl6_29,SL6-29,R,もぎたてオレンジパンツ,ボトムス,70867,オレンジ,ブランドなし,ポップ,500,もぎたてオレンジ,プリティーリズム・プリパラ復刻「あいらとアンジュ」セレクション,2019-02-21,2019-04-03
sl6_30,SL6-30,R,もぎたてオレンジシューズ,シューズ,70868,オレンジ,ブランドなし,ポップ,450,もぎたてオレンジ,プリティーリズム・プリパラ復刻「あいらとアンジュ」セレクション,2019-02-21,2019-04-03
sl6_31,SL6-31,R,もぎたてオレンジヘアアクセ,ヘアアクセ,70869,オレンジ,ブランドなし,ポップ,450,もぎたてオレンジ,プリティーリズム・プリパラ復刻「あいらとアンジュ」セレクション,2019-02-21,2019-04-03
sl6_32,SL6-32,R,リトルローズきらびやかトップス,トップス,70870,水色,ブランドなし,ラブリー,450,リトルローズきらびやか,プリティーリズム・プリパラ復刻「あいらとアンジュ」セレクション,2019-02-21,2019-04-03
sl6_33,SL6-33,R,リトルローズきらびやかスカート,ボトムス,70871,水色,ブランドなし,ラブリー,550,リトルローズきらびやか,プリティーリズム・プリパラ復刻「あいらとアンジュ」セレクション,2019-02-21,2019-04-03
sl6_34,SL6-34,R,リトルローズきらびやかシューズ,シューズ,70872,水色,ブランドなし,ラブリー,500,リトルローズきらびやか,プリティーリズム・プリパラ復刻「あいらとアンジュ」セレクション,2019-02-21,2019-04-03
sl6_35,SL6-35,R,リトルローズきらびやかヘアアクセ,ヘアアクセ,70873,水色,ブランドなし,ラブリー,450,リトルローズきらびやか,プリティーリズム・プリパラ復刻「あいらとアンジュ」セレクション,2019-02-21,2019-04-03
sl6_36,SL6-36,SR,アイドルウォッチエメラルドドレス,ワンピース,70875,緑,ブランドなし,ポップ,1200,アイドルウォッチエメラルド,第6弾ファララチャンネル,2019-02-28,2019-04-03
sl6_37,SL6-37,SR,アイドルウォッチエメラルドシューズ,シューズ,70876,ゴールド,ブランドなし,ポップ,600,アイドルウォッチエメラルド,第6弾ファララチャンネル,2019-02-28,2019-04-03
sl6_38,SL6-38,SR,アイドルウォッチエメラルドヘアアクセ,ヘアアクセ,70877,白,ブランドなし,ポップ,600,アイドルウォッチエメラルド,第6弾ファララチャンネル,2019-02-28,2019-04-03
sl6_39,SL6-39,SR,ロイヤルファーリーフトップス,トップス,70878,白,ブランドなし,クール,700,ロイヤルファーリーフ,第6弾ファララチャンネル,2019-02-28,2019-04-03
sl6_40,SL6-40,SR,ロイヤルファーリーフスカート,ボトムス,70879,緑,ブランドなし,クール,650,ロイヤルファーリーフ,第6弾ファララチャンネル,2019-02-28,2019-04-03
sl6_41,SL6-41,SR,ロイヤルファーリーフシューズ,シューズ,70880,緑,ブランドなし,クール,600,ロイヤルファーリーフ,第6弾ファララチャンネル,2019-02-28,2019-04-03
sl6_42,SL6-42,SR,ロイヤルファーリーフヘアアクセ,ヘアアクセ,70881,白,ブランドなし,クール,600,ロイヤルファーリーフ,第6弾ファララチャンネル,2019-02-28,2019-04-03
sl6_43,SL6-43,SR,アイドルウォッチタンザナイトワンピ,ワンピース,70882,黒,ブランドなし,プレミアム,1200,アイドルウォッチタンザナイト,第6弾ガァララチャンネル,2019-02-07,2019-04-03
sl6_44,SL6-44,SR,アイドルウォッチタンザナイトシューズ,シューズ,70883,ゴールド,ブランドなし,プレミアム,600,アイドルウォッチタンザナイト,第6弾ガァララチャンネル,2019-02-07,2019-04-03
sl6_45,SL6-45,SR,アイドルウォッチタンザナイトヘアアクセ,ヘアアクセ,70884,黒,ブランドなし,プレミアム,600,アイドルウォッチタンザナイト,第6弾ガァララチャンネル,2019-02-07,2019-04-03
sl6_46,SL6-46,SR,ロイヤルファーサルビアトップス,トップス,70885,黒,ブランドなし,クール,700,ロイヤルファーサルビア,第6弾ガァララチャンネル,2019-02-07,2019-04-03
sl6_47,SL6-47,SR,ロイヤルファーサルビアスカート,ボトムス,70886,青,ブランドなし,クール,650,ロイヤルファーサルビア,第6弾ガァララチャンネル,2019-02-07,2019-04-03
sl6_48,SL6-48,SR,ロイヤルファーサルビアシューズ,シューズ,70887,青,ブランドなし,クール,600,ロイヤルファーサルビア,第6弾ガァララチャンネル,2019-02-07,2019-04-03
sl6_49,SL6-49,SR,ロイヤルファーサルビアヘアアクセ,ヘアアクセ,70888,黒,ブランドなし,クール,600,ロイヤルファーサルビア,第6弾ガァララチャンネル,2019-02-07,2019-04-03
sl6_50,SL6-50,SR,タイムガーデンブルーミングトップス,トップス,70889,白,ブランドなし,プレミアム,650,タイムガーデンブルーミング,第6弾ファララ＆ガァララチャンネル,2019-03-14,2019-04-03
sl6_51,SL6-51,SR,タイムガーデンブルーミングスカート,ボトムス,70890,白,ブランドなし,プレミアム,700,タイムガーデンブルーミング,第6弾ファララ＆ガァララチャンネル,2019-03-14,2019-04-03
sl6_52,SL6-52,SR,タイムガーデンブルーミングシューズ,シューズ,70891,白,ブランドなし,プレミアム,600,タイムガーデンブルーミング,第6弾ファララ＆ガァララチャンネル,2019-03-14,2019-04-03
sl6_53,SL6-53,SR,タイムガーデンブルーミングヘアアクセ,ヘアアクセ,70892,白,ブランドなし,プレミアム,600,タイムガーデンブルーミング,第6弾ファララ＆ガァララチャンネル,2019-03-14,2019-04-03
sl6_54,SL6-54,SR,タイムガーデンファンタスティックトップス,トップス,70893,黒,ブランドなし,プレミアム,700,タイムガーデンファンタスティック,第6弾ファララ＆ガァララチャンネル,2019-03-14,2019-04-03
sl6_55,SL6-55,SR,タイムガーデンファンタスティックスカート,ボトムス,70894,黒,ブランドなし,プレミアム,650,タイムガーデンファンタスティック,第6弾ファララ＆ガァララチャンネル,2019-03-14,2019-04-03
sl6_56,SL6-56,SR,タイムガーデンファンタスティックシューズ,シューズ,70895,黒,ブランドなし,プレミアム,600,タイムガーデンファンタスティック,第6弾ファララ＆ガァララチャンネル,2019-03-14,2019-04-03
sl6_57,SL6-57,SR,タイムガーデンファンタスティックヘアアクセ,ヘアアクセ,70896,黒,ブランドなし,プレミアム,600,タイムガーデンファンタスティック,第6弾ファララ＆ガァララチャンネル,2019-03-14,2019-04-03
sl6_58,SL6-58,SR,クロックモダンホワイトグリーントップス,トップス,70897,白,ブランドなし,プレミアム,650,クロックモダンホワイトグリーン,第6弾ファララ＆ガァララチャンネル,2019-03-14,2019-04-03
sl6_59,SL6-59,SR,クロックモダンホワイトグリーンスカート,ボトムス,70898,白,ブランドなし,プレミアム,600,クロックモダンホワイトグリーン,第6弾ファララ＆ガァララチャンネル,2019-03-14,2019-04-03
sl6_60,SL6-60,SR,クロックモダンホワイトグリーンシューズ,シューズ,70899,白,ブランドなし,プレミアム,700,クロックモダンホワイトグリーン,第6弾ファララ＆ガァララチャンネル,2019-03-14,2019-04-03
sl6_61,SL6-61,SR,クロックモダンホワイトグリーンヘアアクセ,ヘアアクセ,70900,白,ブランドなし,プレミアム,600,クロックモダンホワイトグリーン,第6弾ファララチャンネル,2019-02-28,2019-04-03
sl6_62,SL6-62,SR,クロックモダンネイビーブラックトップス,トップス,70901,黒,ブランドなし,プレミアム,700,クロックモダンネイビーブラック,第6弾ファララ＆ガァララチャンネル,2019-03-14,2019-04-03
sl6_63,SL6-63,SR,クロックモダンネイビーブラックスカート,ボトムス,70902,黒,ブランドなし,プレミアム,600,クロックモダンネイビーブラック,第6弾ファララ＆ガァララチャンネル,2019-03-14,2019-04-03
sl6_64,SL6-64,SR,クロックモダンネイビーブラックシューズ,シューズ,70903,黒,ブランドなし,プレミアム,650,クロックモダンネイビーブラック,第6弾ファララ＆ガァララチャンネル,2019-03-14,2019-04-03
sl6_65,SL6-65,SR,クロックモダンネイビーブラックヘアアクセ,ヘアアクセ,70904,黒,ブランドなし,プレミアム,600,クロックモダンネイビーブラック,第6弾ガァララチャンネル,2019-02-07,2019-04-03
sp_001,SP-001,SR,プリ☆チャンユニフォームピュアホワイトトップス,トップス,28136,白,プリズムストーン,プレミアム,700,プリ☆チャンユニフォームピュアホワイトト,プリズムストーンpresentsキラ宿選抜スペシャル大会,2018-06-17,2018-07-15
sp_002,SP-002,SR,プリ☆チャンユニフォームピュアホワイトスカート,ボトムス,28137,白,プリズムストーン,プレミアム,600,プリ☆チャンユニフォームピュアホワイトト,プリズムストーンpresentsキラ宿選抜スペシャル大会,2018-06-17,2018-07-15
sp_003,SP-003,SR,プリ☆チャンユニフォームピュアホワイトシューズ,シューズ,28138,白,プリズムストーン,プレミアム,650,プリ☆チャンユニフォームピュアホワイトト,プリズムストーンpresentsキラ宿選抜スペシャル大会,2018-06-17,2018-07-15
sp_004,SP-004,SR,プリ☆チャンユニフォームピュアホワイトヘアアクセ,ヘアアクセ,28139,白,プリズムストーン,プレミアム,600,プリ☆チャンユニフォームピュアホワイトト,プリズムストーンpresentsキラ宿選抜スペシャル大会,2018-06-17,2018-07-15
sp_005,SP-005,SR,サマーメイドブラックベリートップス,トップス,28163,紫,シークレットアリス,クール,800,サマーメイドブラックベリー,サマーメイドスペシャル大会,,
sp_006,SP-006,SR,サマーメイドブラックベリースカート,ボトムス,28164,紫,シークレットアリス,クール,750,サマーメイドブラックベリー,サマーメイドスペシャル大会,,
sp_007,SP-007,SR,サマーメイドブラックベリーシューズ,シューズ,28165,黒,シークレットアリス,クール,700,サマーメイドブラックベリー,サマーメイドスペシャル大会,,
sp_008,SP-008,SR,サマーメイドブラックベリーヘアアクセ,ヘアアクセ,28166,紫,シークレットアリス,クール,700,サマーメイドブラックベリー,サマーメイドスペシャル大会,,
sp_009,SP-009,SR,ファンキーファーゴールドトップス,トップス,28301,ピンク,ユニバースクイーン,クール,800,ファンキーファーゴールド,シャイニーフレンズスペシャル大会,2018-10-07,2018-10-28
sp_010,SP-010,SR,ファンキーファーゴールドスカート,ボトムス,28302,ゴールド,ユニバースクイーン,クール,750,ファンキーファーゴールド,シャイニーフレンズスペシャル大会,2018-10-07,2018-10-28
sp_011,SP-011,SR,ファンキーファーゴールドブルーシューズ,シューズ,28303,緑,ユニバースクイーン,クール,700,ファンキーファーゴールド,シャイニーフレンズスペシャル大会,2018-10-07,2018-10-28
sp_012,SP-012,SR,ファンキーファーゴールドヘアアクセ,ヘアアクセ,28304,ゴールド,ユニバースクイーン,クール,700,ファンキーファーゴールド,シャイニーフレンズスペシャル大会,2018-10-07,2018-10-28
sp_013,SP-013,SR,シャイニースターオーロラトップス,トップス,28358,白,プレシャスミューズ,プレミアム,800,シャイニースターオーロラ,ウィンタースペシャル大会,2019-12-23,2019-01-13
sp_014,SP-014,SR,シャイニースターオーロラスカート,ボトムス,28359,ピンク,プレシャスミューズ,プレミアム,750,シャイニースターオーロラ,ウィンタースペシャル大会,2019-12-23,2019-01-13
sp_015,SP-015,SR,シャイニースターオーロラシューズ,シューズ,28360,白,プレシャスミューズ,プレミアム,700,シャイニースターオーロラ,ウィンタースペシャル大会,2019-12-23,2019-01-13
sp_016,SP-016,SR,シャイニースターオーロラヘアアクセ,ヘアアクセ,28361,ゴールド,プレシャスミューズ,プレミアム,700,シャイニースターオーロラ,ウィンタースペシャル大会,2019-12-23,2019-01-13
paf2_01,PAF2-01,R,プリティーオールフレンズあいらトップス,トップス,70191,ピンク,プリズムストーン,ラブリー,550,プリティーオールフレンズあいら,プリティーオールフレンズチャンネル,2018-07-05,2018-10-03
paf2_02,PAF2-02,R,プリティーオールフレンズあいらスカート,ボトムス,70192,ピンク,プリズムストーン,ラブリー,500,プリティーオールフレンズあいら,プリティーオールフレンズチャンネル,2018-07-05,2018-10-03
paf2_03,PAF2-03,R,プリティーオールフレンズあいらシューズ,シューズ,70193,白,プリズムストーン,ラブリー,450,プリティーオールフレンズあいら,プリティーオールフレンズチャンネル,2018-07-05,2018-10-03
paf2_04,PAF2-04,R,プリティーオールフレンズあいらヘアアクセ,ヘアアクセ,70194,ピンク,プリズムストーン,ラブリー,450,プリティーオールフレンズあいら,プリティーオールフレンズチャンネル,2018-07-05,2018-10-03
paf2_05,PAF2-05,R,プリティーオールフレンズりずむトップス,トップス,70195,水色,プリズムストーン,ポップ,550,リティーオールフレンズりずむ,プリティーオールフレンズチャンネル,2018-07-05,2018-10-03
paf2_06,PAF2-06,R,プリティーオールフレンズりずむパンツ,ボトムス,70196,水色,プリズムストーン,ポップ,450,リティーオールフレンズりずむ,プリティーオールフレンズチャンネル,2018-07-05,2018-10-03
paf2_07,PAF2-07,R,プリティーオールフレンズりずむシューズ,シューズ,70197,白,プリズムストーン,ポップ,500,リティーオールフレンズりずむ,プリティーオールフレンズチャンネル,2018-07-05,2018-10-03
paf2_08,PAF2-08,R,プリティーオールフレンズりずむヘアアクセ,ヘアアクセ,70198,水色,プリズムストーン,ポップ,450,リティーオールフレンズりずむ,プリティーオールフレンズチャンネル,2018-07-05,2018-10-03
paf2_09,PAF2-09,R,プリティーオールフレンズみおんトップス,トップス,70199,白,プリズムストーン,クール,450,プリティーオールフレンズみおん,プリティーオールフレンズチャンネル,2018-07-05,2018-10-03
paf2_10,PAF2-10,R,プリティーオールフレンズみおんスカート,ボトムス,70200,白,プリズムストーン,クール,500,プリティーオールフレンズみおん,プリティーオールフレンズチャンネル,2018-07-05,2018-10-03
paf2_11,PAF2-11,R,プリティーオールフレンズみおんシューズ,シューズ,70201,紫,プリズムストーン,クール,550,プリティーオールフレンズみおん,プリティーオールフレンズチャンネル,2018-07-05,2018-10-03
paf2_12,PAF2-12,R,プリティーオールフレンズみおんヘアアクセ,ヘアアクセ,70202,紫,プリズムストーン,クール,450,プリティーオールフレンズみおん,プリティーオールフレンズチャンネル,2018-07-05,2018-10-03
